{
	"id": "3f761dc7-4754-4ccb-9f62-fbe21aa0529a",
	"name": "SPRING_BOOT_UDEMY",
	"values": [
		{
			"key": "host",
			"value": "http://localhost:8080",
			"description": "",
			"enabled": true
		},
		{
			"key": "user",
			"value": "leandro",
			"description": "",
			"enabled": true
		},
		{
			"key": "password",
			"value": "admin123",
			"description": "",
			"enabled": true
		},
		{
			"key": "bearer_token",
			"value": "",
			"description": "",
			"enabled": true
		},
		{
			"key": "content_accept",
			"value": "application/xml, application/json, application/x-yaml",
			"type": "text",
			"description": "",
			"enabled": true
		},
		{
			"key": "content_type",
			"value": "application/xml, application/json, application/x-yaml",
			"type": "text",
			"description": "",
			"enabled": true
		}
	],
	"_postman_variable_scope": "environment",
	"_postman_exported_at": "2019-04-19T21:50:23.019Z",
	"_postman_exported_using": "Postman/7.0.7"
}