{
	"id": "1746e52d-f18f-45e9-bde9-e20018a5208b",
	"name": "SPRING_BOOT_UDEMY",
	"values": [
		{
			"key": "host",
			"value": "http://localhost:8080",
			"enabled": true
		},
		{
			"key": "user",
			"value": "leandro",
			"enabled": true
		},
		{
			"key": "password",
			"value": "admin123",
			"enabled": true
		},
		{
			"key": "bearer_token",
			"value": "",
			"enabled": true
		},
		{
			"key": "content_accept",
			"value": "application/xml, application/json, application/x-yaml",
			"enabled": true
		},
		{
			"key": "content_type",
			"value": "application/xml, application/json, application/x-yaml",
			"enabled": true
		}
	],
	"_postman_variable_scope": "environment",
	"_postman_exported_at": "2019-07-23T20:57:52.616Z",
	"_postman_exported_using": "Postman/7.2.2"
}