{
	"info": {
		"_postman_id": "5f8013b2-38a8-4bed-8fcd-e439fda18f2d",
		"name": "RESTful API With Spring Boot 2.1.3",
		"description": "Some description about your API.",
		"schema": "https://schema.getpostman.com/json/collection/v2.1.0/collection.json"
	},
	"item": [
		{
			"name": "api",
			"item": [
				{
					"name": "Book",
					"item": [
						{
							"name": "Find all books",
							"request": {
								"method": "GET",
								"header": [
									{
										"key": "Accept",
										"value": "application/xml, application/json, application/x-yaml"
									}
								],
								"body": {
									"mode": "raw",
									"raw": ""
								},
								"url": {
									"raw": "http://localhost:8080/api/book/v1",
									"protocol": "http",
									"host": [
										"localhost"
									],
									"port": "8080",
									"path": [
										"api",
										"book",
										"v1"
									]
								}
							},
							"response": []
						},
						{
							"name": "Update a specific book",
							"request": {
								"method": "PUT",
								"header": [
									{
										"key": "Accept",
										"value": "application/xml, application/json, application/x-yaml"
									},
									{
										"key": "Content-Type",
										"value": "application/xml"
									}
								],
								"body": {
									"mode": "raw",
									"raw": "book"
								},
								"url": {
									"raw": "http://localhost:8080/api/book/v1",
									"protocol": "http",
									"host": [
										"localhost"
									],
									"port": "8080",
									"path": [
										"api",
										"book",
										"v1"
									]
								}
							},
							"response": []
						},
						{
							"name": "Create a new book",
							"request": {
								"method": "POST",
								"header": [
									{
										"key": "Accept",
										"value": "application/xml, application/json, application/x-yaml"
									},
									{
										"key": "Content-Type",
										"value": "application/xml"
									}
								],
								"body": {
									"mode": "raw",
									"raw": "book"
								},
								"url": {
									"raw": "http://localhost:8080/api/book/v1",
									"protocol": "http",
									"host": [
										"localhost"
									],
									"port": "8080",
									"path": [
										"api",
										"book",
										"v1"
									]
								}
							},
							"response": []
						},
						{
							"name": "Find a specific book by your ID",
							"request": {
								"method": "GET",
								"header": [
									{
										"key": "Accept",
										"value": "application/xml, application/json, application/x-yaml"
									}
								],
								"body": {
									"mode": "raw",
									"raw": ""
								},
								"url": {
									"raw": "http://localhost:8080/api/book/v1/:id",
									"protocol": "http",
									"host": [
										"localhost"
									],
									"port": "8080",
									"path": [
										"api",
										"book",
										"v1",
										":id"
									],
									"variable": [
										{
											"key": "id",
											"value": "{{id}}"
										}
									]
								}
							},
							"response": []
						},
						{
							"name": "Delete a specific book by your ID",
							"request": {
								"method": "DELETE",
								"header": [
									{
										"key": "Accept",
										"value": "*/*"
									}
								],
								"body": {},
								"url": {
									"raw": "http://localhost:8080/api/book/v1/:id",
									"protocol": "http",
									"host": [
										"localhost"
									],
									"port": "8080",
									"path": [
										"api",
										"book",
										"v1",
										":id"
									],
									"variable": [
										{
											"key": "id",
											"value": "{{id}}"
										}
									]
								}
							},
							"response": []
						}
					],
					"_postman_isSubFolder": true
				},
				{
					"name": "Person",
					"item": [
						{
							"name": "Find all people",
							"request": {
								"method": "GET",
								"header": [
									{
										"key": "Accept",
										"value": "application/xml, application/json, application/x-yaml"
									}
								],
								"body": {
									"mode": "raw",
									"raw": ""
								},
								"url": {
									"raw": "http://localhost:8080/api/person/v1",
									"protocol": "http",
									"host": [
										"localhost"
									],
									"port": "8080",
									"path": [
										"api",
										"person",
										"v1"
									]
								}
							},
							"response": []
						},
						{
							"name": "Update a specific person",
							"request": {
								"method": "PUT",
								"header": [
									{
										"key": "Accept",
										"value": "application/xml, application/json, application/x-yaml"
									},
									{
										"key": "Content-Type",
										"value": "application/xml"
									}
								],
								"body": {
									"mode": "raw",
									"raw": "person"
								},
								"url": {
									"raw": "http://localhost:8080/api/person/v1",
									"protocol": "http",
									"host": [
										"localhost"
									],
									"port": "8080",
									"path": [
										"api",
										"person",
										"v1"
									]
								}
							},
							"response": []
						},
						{
							"name": "Create a new person",
							"request": {
								"method": "POST",
								"header": [
									{
										"key": "Accept",
										"value": "application/xml, application/json, application/x-yaml"
									},
									{
										"key": "Content-Type",
										"value": "application/xml"
									}
								],
								"body": {
									"mode": "raw",
									"raw": "person"
								},
								"url": {
									"raw": "http://localhost:8080/api/person/v1",
									"protocol": "http",
									"host": [
										"localhost"
									],
									"port": "8080",
									"path": [
										"api",
										"person",
										"v1"
									]
								}
							},
							"response": []
						},
						{
							"name": "Find a specific person by your ID",
							"request": {
								"method": "GET",
								"header": [
									{
										"key": "Accept",
										"value": "application/xml, application/json, application/x-yaml"
									}
								],
								"body": {
									"mode": "raw",
									"raw": ""
								},
								"url": {
									"raw": "http://localhost:8080/api/person/v1/:id",
									"protocol": "http",
									"host": [
										"localhost"
									],
									"port": "8080",
									"path": [
										"api",
										"person",
										"v1",
										":id"
									],
									"variable": [
										{
											"key": "id",
											"value": "{{id}}"
										}
									]
								}
							},
							"response": []
						},
						{
							"name": "Delete a specific person by your ID",
							"request": {
								"method": "DELETE",
								"header": [
									{
										"key": "Accept",
										"value": "*/*"
									}
								],
								"body": {},
								"url": {
									"raw": "http://localhost:8080/api/person/v1/:id",
									"protocol": "http",
									"host": [
										"localhost"
									],
									"port": "8080",
									"path": [
										"api",
										"person",
										"v1",
										":id"
									],
									"variable": [
										{
											"key": "id",
											"value": "{{id}}"
										}
									]
								}
							},
							"response": []
						}
					],
					"_postman_isSubFolder": true
				}
			],
			"description": "Folder for api"
		}
	]
}